INSERT INTO MOVIE 
    (TITLE, ORIGIN, DUBBED, DIRECTOR, DESCRIPTION, DURATION, MAX_PLAY, AGE_LIMIT, PICTURE) 
VALUES ('WARCRAFT', 'MAGYAR', 'Y', 'BELA', 'EZ JO', 150, 2, 2, 
'warcraft.png');

INSERT INTO MOVIE 
    (TITLE, ORIGIN, DUBBED, DIRECTOR, DESCRIPTION, DURATION, MAX_PLAY, AGE_LIMIT, PICTURE) 
VALUES ('SZAMURAJ2', 'MAGYAR2', 'N', 'BELA2', 'EZ JO2', 152, 2, 3, 'NINCS2');

INSERT INTO MOVIE 
    (TITLE, ORIGIN, DUBBED, DIRECTOR, DESCRIPTION, DURATION, MAX_PLAY, AGE_LIMIT, PICTURE) 
VALUES ('SZAMURAJ3', 'MAGYAR3', 'Y', 'BELA3', 'EZ JO3', 153, 4, 2, 'NINCS');

INSERT INTO MOVIE 
    (TITLE, ORIGIN, DUBBED, DIRECTOR, DESCRIPTION, DURATION, MAX_PLAY, AGE_LIMIT, PICTURE) 
VALUES ('SZAMURAJ4', 'MAGYAR4', 'Y', 'BELA4', 'EZ JO4', 154, 4, 1, 'NINCS');

INSERT INTO MOVIE 
    (TITLE, ORIGIN, DUBBED, DIRECTOR, DESCRIPTION, DURATION, MAX_PLAY, AGE_LIMIT, PICTURE) 
VALUES ('SZAMURAJ5', 'MAGYAR5', 'Y', 'BELA5', 'EZ JO5', 155, 4, 1, 'NINCS');

INSERT INTO MOVIE 
    (TITLE, ORIGIN, DUBBED, DIRECTOR, DESCRIPTION, DURATION, MAX_PLAY, AGE_LIMIT, PICTURE) 
VALUES ('SZAMURAJ6', 'MAGYAR6', 'Y', 'BELA6', 'EZ JO6', 156, 4, 1, 'NINCS');

INSERT INTO MOVIE 
    (TITLE, ORIGIN, DUBBED, DIRECTOR, DESCRIPTION, DURATION, MAX_PLAY, AGE_LIMIT, PICTURE) 
VALUES ('SZAMURAJ7', 'MAGYAR7', 'Y', 'BELA7', 'EZ JO7', 157, 4, 1, 'NINCS');

INSERT INTO MOVIE 
    (TITLE, ORIGIN, DUBBED, DIRECTOR, DESCRIPTION, DURATION, MAX_PLAY, AGE_LIMIT, PICTURE) 
VALUES ('SZAMURAJ8', 'MAGYAR7', 'Y', 'BELA8', 'EZ JO8', 157, 4, 1, 'NINCS');

INSERT INTO MOVIE 
    (TITLE, ORIGIN, DUBBED, DIRECTOR, DESCRIPTION, DURATION, MAX_PLAY, AGE_LIMIT, PICTURE) 
VALUES ('SZAMURAJ9', 'MAGYAR10', 'Y', 'BELA9', 'EZ JO9', 157, 4, 1, 'NINCS');

INSERT INTO MOVIE 
    (TITLE, ORIGIN, DUBBED, DIRECTOR, DESCRIPTION, DURATION, MAX_PLAY, AGE_LIMIT, PICTURE) 
VALUES ('SZAMURAJ10', 'MAGYAR10', 'Y', 'BELA10', 'EZ JO10', 157, 4, 1, 'NINCS');


INSERT INTO CINEMA_HALL (NAME, NUM_OF_ROW, NUM_OF_COL) 
    VALUES ('MOZI', 8,8);
INSERT INTO CINEMA_HALL (NAME, NUM_OF_ROW, NUM_OF_COL) 
    VALUES ('MOZI2', 4,4);
INSERT INTO CINEMA_HALL (NAME, NUM_OF_ROW, NUM_OF_COL) 
    VALUES ('MOZI3', 4,3);
INSERT INTO CINEMA_HALL (NAME, NUM_OF_ROW, NUM_OF_COL) 
    VALUES ('MOZI4', 3,4);
INSERT INTO CINEMA_HALL (NAME, NUM_OF_ROW, NUM_OF_COL) 
    VALUES ('MOZI5', 4,5);
INSERT INTO CINEMA_HALL (NAME, NUM_OF_ROW, NUM_OF_COL) 
    VALUES ('MOZI6', 6,5);
INSERT INTO CINEMA_HALL (NAME, NUM_OF_ROW, NUM_OF_COL) 
    VALUES ('MOZI7', 4,7);
INSERT INTO CINEMA_HALL (NAME, NUM_OF_ROW, NUM_OF_COL) 
    VALUES ('MOZI8', 4,7);
INSERT INTO CINEMA_HALL (NAME, NUM_OF_ROW, NUM_OF_COL) 
    VALUES ('MOZI9', 4,7);
INSERT INTO CINEMA_HALL (NAME, NUM_OF_ROW, NUM_OF_COL) 
    VALUES ('MOZI10', 4,7);




INSERT INTO SCREENING (FK_MOVIE_ID, FK_CINEMA_HALL_ID, BEGIN) VALUES
( 1, 1, '2018-06-21 15:00:00' );
INSERT INTO SCREENING (FK_MOVIE_ID, FK_CINEMA_HALL_ID, BEGIN) VALUES
( 2, 2, '2018-06-22 15:00:00' );
INSERT INTO SCREENING (FK_MOVIE_ID, FK_CINEMA_HALL_ID, BEGIN) VALUES
( 3, 3, '2018-06-23 15:00:00' );
INSERT INTO SCREENING (FK_MOVIE_ID, FK_CINEMA_HALL_ID, BEGIN) VALUES
( 4, 4, '2018-06-24 15:00:00' );
INSERT INTO SCREENING (FK_MOVIE_ID, FK_CINEMA_HALL_ID, BEGIN) VALUES
( 5, 5, '2018-06-25 15:00:00' );
INSERT INTO SCREENING (FK_MOVIE_ID, FK_CINEMA_HALL_ID, BEGIN) VALUES
( 6, 6, '2018-06-26 15:00:00' );
INSERT INTO SCREENING (FK_MOVIE_ID, FK_CINEMA_HALL_ID, BEGIN) VALUES
( 7, 7, '2018-06-27 15:00:00' );
INSERT INTO SCREENING (FK_MOVIE_ID, FK_CINEMA_HALL_ID, BEGIN) VALUES
( 8, 8, '2018-06-28 15:00:00' );
INSERT INTO SCREENING (FK_MOVIE_ID, FK_CINEMA_HALL_ID, BEGIN) VALUES
( 9, 9, '2018-06-29 15:00:00' );
INSERT INTO SCREENING (FK_MOVIE_ID, FK_CINEMA_HALL_ID, BEGIN) VALUES
( 10, 10, '2018-06-30 15:00:00' );



INSERT INTO SEAT (FK_SCREENING_ID, ROW_NUM, COL_NUM) VALUES
( 1, 5, 5);
INSERT INTO SEAT (FK_SCREENING_ID, ROW_NUM, COL_NUM) VALUES
( 1, 4, 5);
INSERT INTO SEAT (FK_SCREENING_ID, ROW_NUM, COL_NUM) VALUES
( 1, 4, 6);
INSERT INTO SEAT (FK_SCREENING_ID, ROW_NUM, COL_NUM) VALUES
( 2, 1, 1);
INSERT INTO SEAT (FK_SCREENING_ID, ROW_NUM, COL_NUM) VALUES
( 2, 1, 2);
INSERT INTO SEAT (FK_SCREENING_ID, ROW_NUM, COL_NUM) VALUES
( 2, 1, 3);
INSERT INTO SEAT (FK_SCREENING_ID, ROW_NUM, COL_NUM) VALUES
( 3, 2, 2);
INSERT INTO SEAT (FK_SCREENING_ID, ROW_NUM, COL_NUM) VALUES
( 3, 2, 3);
INSERT INTO SEAT (FK_SCREENING_ID, ROW_NUM, COL_NUM) VALUES
( 4, 3, 3);
INSERT INTO SEAT (FK_SCREENING_ID, ROW_NUM, COL_NUM) VALUES
( 4, 3, 4);

